,longitude,latitude
75,51.094822258426966,35.74566040909091
76,51.094822258426966,35.75157552272727
120,51.10063451685394,35.74566040909091
121,51.10063451685394,35.75157552272727
165,51.1064467752809,35.74566040909091
166,51.1064467752809,35.75157552272727
210,51.112259033707865,35.74566040909091
211,51.112259033707865,35.75157552272727
255,51.118071292134836,35.74566040909091
256,51.118071292134836,35.75157552272727
300,51.1238835505618,35.74566040909091
301,51.1238835505618,35.75157552272727
345,51.129695808988764,35.74566040909091
346,51.129695808988764,35.75157552272727
390,51.135508067415735,35.74566040909091
391,51.135508067415735,35.75157552272727
435,51.1413203258427,35.74566040909091
436,51.1413203258427,35.75157552272727
480,51.14713258426966,35.74566040909091
481,51.14713258426966,35.75157552272727
482,51.14713258426966,35.757490636363634
525,51.152944842696634,35.74566040909091
526,51.152944842696634,35.75157552272727
527,51.152944842696634,35.757490636363634
569,51.1587571011236,35.73974529545455
570,51.1587571011236,35.74566040909091
571,51.1587571011236,35.75157552272727
572,51.1587571011236,35.757490636363634
614,51.16456935955056,35.73974529545455
615,51.16456935955056,35.74566040909091
616,51.16456935955056,35.75157552272727
617,51.16456935955056,35.757490636363634
618,51.16456935955056,35.76340575
659,51.17038161797753,35.73974529545455
660,51.17038161797753,35.74566040909091
661,51.17038161797753,35.75157552272727
662,51.17038161797753,35.757490636363634
663,51.17038161797753,35.76340575
703,51.1761938764045,35.73383018181818
704,51.1761938764045,35.73974529545455
705,51.1761938764045,35.74566040909091
706,51.1761938764045,35.75157552272727
707,51.1761938764045,35.757490636363634
708,51.1761938764045,35.76340575
748,51.18200613483146,35.73383018181818
749,51.18200613483146,35.73974529545455
750,51.18200613483146,35.74566040909091
751,51.18200613483146,35.75157552272727
752,51.18200613483146,35.757490636363634
753,51.18200613483146,35.76340575
793,51.18781839325843,35.73383018181818
794,51.18781839325843,35.73974529545455
795,51.18781839325843,35.74566040909091
796,51.18781839325843,35.75157552272727
797,51.18781839325843,35.757490636363634
798,51.18781839325843,35.76340575
837,51.193630651685396,35.727915068181815
838,51.193630651685396,35.73383018181818
839,51.193630651685396,35.73974529545455
840,51.193630651685396,35.74566040909091
841,51.193630651685396,35.75157552272727
842,51.193630651685396,35.757490636363634
843,51.193630651685396,35.76340575
882,51.19944291011236,35.727915068181815
883,51.19944291011236,35.73383018181818
884,51.19944291011236,35.73974529545455
885,51.19944291011236,35.74566040909091
886,51.19944291011236,35.75157552272727
887,51.19944291011236,35.757490636363634
888,51.19944291011236,35.76340575
926,51.20525516853933,35.72199995454545
927,51.20525516853933,35.727915068181815
928,51.20525516853933,35.73383018181818
929,51.20525516853933,35.73974529545455
930,51.20525516853933,35.74566040909091
931,51.20525516853933,35.75157552272727
932,51.20525516853933,35.757490636363634
933,51.20525516853933,35.76340575
971,51.211067426966295,35.72199995454545
972,51.211067426966295,35.727915068181815
973,51.211067426966295,35.73383018181818
974,51.211067426966295,35.73974529545455
975,51.211067426966295,35.74566040909091
976,51.211067426966295,35.75157552272727
977,51.211067426966295,35.757490636363634
978,51.211067426966295,35.76340575
1016,51.21687968539326,35.72199995454545
1017,51.21687968539326,35.727915068181815
1018,51.21687968539326,35.73383018181818
1019,51.21687968539326,35.73974529545455
1020,51.21687968539326,35.74566040909091
1021,51.21687968539326,35.75157552272727
1022,51.21687968539326,35.757490636363634
1061,51.22269194382022,35.72199995454545
1062,51.22269194382022,35.727915068181815
1063,51.22269194382022,35.73383018181818
1064,51.22269194382022,35.73974529545455
1065,51.22269194382022,35.74566040909091
1066,51.22269194382022,35.75157552272727
1067,51.22269194382022,35.757490636363634
1106,51.228504202247194,35.72199995454545
1107,51.228504202247194,35.727915068181815
1108,51.228504202247194,35.73383018181818
1109,51.228504202247194,35.73974529545455
1110,51.228504202247194,35.74566040909091
1111,51.228504202247194,35.75157552272727
1112,51.228504202247194,35.757490636363634
1151,51.23431646067416,35.72199995454545
1152,51.23431646067416,35.727915068181815
1153,51.23431646067416,35.73383018181818
1154,51.23431646067416,35.73974529545455
1155,51.23431646067416,35.74566040909091
1156,51.23431646067416,35.75157552272727
1157,51.23431646067416,35.757490636363634
1195,51.24012871910112,35.71608484090909
1196,51.24012871910112,35.72199995454545
1197,51.24012871910112,35.727915068181815
1198,51.24012871910112,35.73383018181818
1199,51.24012871910112,35.73974529545455
1200,51.24012871910112,35.74566040909091
1201,51.24012871910112,35.75157552272727
1202,51.24012871910112,35.757490636363634
1203,51.24012871910112,35.76340575
1240,51.24594097752809,35.71608484090909
1241,51.24594097752809,35.72199995454545
1242,51.24594097752809,35.727915068181815
1243,51.24594097752809,35.73383018181818
1244,51.24594097752809,35.73974529545455
1245,51.24594097752809,35.74566040909091
1246,51.24594097752809,35.75157552272727
1247,51.24594097752809,35.757490636363634
1248,51.24594097752809,35.76340575
1285,51.25175323595506,35.71608484090909
1286,51.25175323595506,35.72199995454545
1287,51.25175323595506,35.727915068181815
1288,51.25175323595506,35.73383018181818
1289,51.25175323595506,35.73974529545455
1290,51.25175323595506,35.74566040909091
1291,51.25175323595506,35.75157552272727
1292,51.25175323595506,35.757490636363634
1293,51.25175323595506,35.76340575
1294,51.25175323595506,35.76932086363636
1330,51.25756549438202,35.71608484090909
1331,51.25756549438202,35.72199995454545
1332,51.25756549438202,35.727915068181815
1333,51.25756549438202,35.73383018181818
1334,51.25756549438202,35.73974529545455
1335,51.25756549438202,35.74566040909091
1336,51.25756549438202,35.75157552272727
1337,51.25756549438202,35.757490636363634
1338,51.25756549438202,35.76340575
1375,51.26337775280899,35.71608484090909
1376,51.26337775280899,35.72199995454545
1377,51.26337775280899,35.727915068181815
1378,51.26337775280899,35.73383018181818
1379,51.26337775280899,35.73974529545455
1380,51.26337775280899,35.74566040909091
1381,51.26337775280899,35.75157552272727
1382,51.26337775280899,35.757490636363634
1383,51.26337775280899,35.76340575
1420,51.269190011235956,35.71608484090909
1421,51.269190011235956,35.72199995454545
1422,51.269190011235956,35.727915068181815
1423,51.269190011235956,35.73383018181818
1465,51.27500226966292,35.71608484090909
1466,51.27500226966292,35.72199995454545
1467,51.27500226966292,35.727915068181815
1468,51.27500226966292,35.73383018181818
1510,51.28081452808989,35.71608484090909
1511,51.28081452808989,35.72199995454545
1512,51.28081452808989,35.727915068181815
1555,51.286626786516855,35.71608484090909
1556,51.286626786516855,35.72199995454545
164,51.1064467752809,35.73974529545455
209,51.112259033707865,35.73974529545455
254,51.118071292134836,35.73974529545455
298,51.1238835505618,35.73383018181818
299,51.1238835505618,35.73974529545455
342,51.129695808988764,35.727915068181815
343,51.129695808988764,35.73383018181818
344,51.129695808988764,35.73974529545455
386,51.135508067415735,35.72199995454545
387,51.135508067415735,35.727915068181815
388,51.135508067415735,35.73383018181818
389,51.135508067415735,35.73974529545455
431,51.1413203258427,35.72199995454545
432,51.1413203258427,35.727915068181815
433,51.1413203258427,35.73383018181818
434,51.1413203258427,35.73974529545455
475,51.14713258426966,35.71608484090909
476,51.14713258426966,35.72199995454545
477,51.14713258426966,35.727915068181815
478,51.14713258426966,35.73383018181818
479,51.14713258426966,35.73974529545455
520,51.152944842696634,35.71608484090909
521,51.152944842696634,35.72199995454545
522,51.152944842696634,35.727915068181815
523,51.152944842696634,35.73383018181818
524,51.152944842696634,35.73974529545455
565,51.1587571011236,35.71608484090909
566,51.1587571011236,35.72199995454545
567,51.1587571011236,35.727915068181815
568,51.1587571011236,35.73383018181818
609,51.16456935955056,35.71016972727273
610,51.16456935955056,35.71608484090909
611,51.16456935955056,35.72199995454545
612,51.16456935955056,35.727915068181815
613,51.16456935955056,35.73383018181818
654,51.17038161797753,35.71016972727273
655,51.17038161797753,35.71608484090909
656,51.17038161797753,35.72199995454545
657,51.17038161797753,35.727915068181815
658,51.17038161797753,35.73383018181818
699,51.1761938764045,35.71016972727273
700,51.1761938764045,35.71608484090909
701,51.1761938764045,35.72199995454545
702,51.1761938764045,35.727915068181815
743,51.18200613483146,35.704254613636365
744,51.18200613483146,35.71016972727273
745,51.18200613483146,35.71608484090909
746,51.18200613483146,35.72199995454545
747,51.18200613483146,35.727915068181815
788,51.18781839325843,35.704254613636365
789,51.18781839325843,35.71016972727273
790,51.18781839325843,35.71608484090909
791,51.18781839325843,35.72199995454545
792,51.18781839325843,35.727915068181815
833,51.193630651685396,35.704254613636365
834,51.193630651685396,35.71016972727273
835,51.193630651685396,35.71608484090909
836,51.193630651685396,35.72199995454545
877,51.19944291011236,35.6983395
878,51.19944291011236,35.704254613636365
879,51.19944291011236,35.71016972727273
880,51.19944291011236,35.71608484090909
881,51.19944291011236,35.72199995454545
922,51.20525516853933,35.6983395
923,51.20525516853933,35.704254613636365
924,51.20525516853933,35.71016972727273
925,51.20525516853933,35.71608484090909
967,51.211067426966295,35.6983395
968,51.211067426966295,35.704254613636365
969,51.211067426966295,35.71016972727273
970,51.211067426966295,35.71608484090909
1011,51.21687968539326,35.69242438636363
1012,51.21687968539326,35.6983395
1013,51.21687968539326,35.704254613636365
1014,51.21687968539326,35.71016972727273
1015,51.21687968539326,35.71608484090909
1056,51.22269194382022,35.69242438636363
1057,51.22269194382022,35.6983395
1058,51.22269194382022,35.704254613636365
1059,51.22269194382022,35.71016972727273
1060,51.22269194382022,35.71608484090909
1100,51.228504202247194,35.68650927272727
1101,51.228504202247194,35.69242438636363
1102,51.228504202247194,35.6983395
1103,51.228504202247194,35.704254613636365
1104,51.228504202247194,35.71016972727273
1105,51.228504202247194,35.71608484090909
1145,51.23431646067416,35.68650927272727
1146,51.23431646067416,35.69242438636363
1147,51.23431646067416,35.6983395
1148,51.23431646067416,35.704254613636365
1149,51.23431646067416,35.71016972727273
1150,51.23431646067416,35.71608484090909
1190,51.24012871910112,35.68650927272727
1191,51.24012871910112,35.69242438636363
1192,51.24012871910112,35.6983395
1193,51.24012871910112,35.704254613636365
1194,51.24012871910112,35.71016972727273
1234,51.24594097752809,35.68059415909091
1235,51.24594097752809,35.68650927272727
1236,51.24594097752809,35.69242438636363
1237,51.24594097752809,35.6983395
1238,51.24594097752809,35.704254613636365
1239,51.24594097752809,35.71016972727273
1279,51.25175323595506,35.68059415909091
1280,51.25175323595506,35.68650927272727
1281,51.25175323595506,35.69242438636363
1282,51.25175323595506,35.6983395
1283,51.25175323595506,35.704254613636365
1284,51.25175323595506,35.71016972727273
1324,51.25756549438202,35.68059415909091
1325,51.25756549438202,35.68650927272727
1326,51.25756549438202,35.69242438636363
1327,51.25756549438202,35.6983395
1328,51.25756549438202,35.704254613636365
1329,51.25756549438202,35.71016972727273
1369,51.26337775280899,35.68059415909091
1370,51.26337775280899,35.68650927272727
1371,51.26337775280899,35.69242438636363
1372,51.26337775280899,35.6983395
1373,51.26337775280899,35.704254613636365
1374,51.26337775280899,35.71016972727273
1414,51.269190011235956,35.68059415909091
1415,51.269190011235956,35.68650927272727
1416,51.269190011235956,35.69242438636363
1417,51.269190011235956,35.6983395
1418,51.269190011235956,35.704254613636365
1419,51.269190011235956,35.71016972727273
1459,51.27500226966292,35.68059415909091
1460,51.27500226966292,35.68650927272727
1461,51.27500226966292,35.69242438636363
1462,51.27500226966292,35.6983395
1463,51.27500226966292,35.704254613636365
1464,51.27500226966292,35.71016972727273
1505,51.28081452808989,35.68650927272727
1506,51.28081452808989,35.69242438636363
1507,51.28081452808989,35.6983395
1508,51.28081452808989,35.704254613636365
1509,51.28081452808989,35.71016972727273
1551,51.286626786516855,35.69242438636363
1552,51.286626786516855,35.6983395
1553,51.286626786516855,35.704254613636365
1554,51.286626786516855,35.71016972727273
1142,51.23431646067416,35.668763931818184
1143,51.23431646067416,35.674679045454546
1144,51.23431646067416,35.68059415909091
1186,51.24012871910112,35.66284881818182
1187,51.24012871910112,35.668763931818184
1188,51.24012871910112,35.674679045454546
1189,51.24012871910112,35.68059415909091
1231,51.24594097752809,35.66284881818182
1232,51.24594097752809,35.668763931818184
1233,51.24594097752809,35.674679045454546
1276,51.25175323595506,35.66284881818182
1277,51.25175323595506,35.668763931818184
1278,51.25175323595506,35.674679045454546
1320,51.25756549438202,35.65693370454545
1321,51.25756549438202,35.66284881818182
1322,51.25756549438202,35.668763931818184
1323,51.25756549438202,35.674679045454546
1365,51.26337775280899,35.65693370454545
1366,51.26337775280899,35.66284881818182
1367,51.26337775280899,35.668763931818184
1368,51.26337775280899,35.674679045454546
1410,51.269190011235956,35.65693370454545
1411,51.269190011235956,35.66284881818182
1412,51.269190011235956,35.668763931818184
1413,51.269190011235956,35.674679045454546
1454,51.27500226966292,35.65101859090909
1455,51.27500226966292,35.65693370454545
1456,51.27500226966292,35.66284881818182
1457,51.27500226966292,35.668763931818184
1458,51.27500226966292,35.674679045454546
1499,51.28081452808989,35.65101859090909
1500,51.28081452808989,35.65693370454545
1501,51.28081452808989,35.66284881818182
1502,51.28081452808989,35.668763931818184
1503,51.28081452808989,35.674679045454546
1543,51.286626786516855,35.64510347727273
1544,51.286626786516855,35.65101859090909
1545,51.286626786516855,35.65693370454545
1546,51.286626786516855,35.66284881818182
1547,51.286626786516855,35.668763931818184
1548,51.286626786516855,35.674679045454546
1588,51.29243904494382,35.64510347727273
1589,51.29243904494382,35.65101859090909
1590,51.29243904494382,35.65693370454545
1591,51.29243904494382,35.66284881818182
1592,51.29243904494382,35.668763931818184
1593,51.29243904494382,35.674679045454546
1632,51.29825130337079,35.639188363636364
1633,51.29825130337079,35.64510347727273
1634,51.29825130337079,35.65101859090909
1635,51.29825130337079,35.65693370454545
1636,51.29825130337079,35.66284881818182
1637,51.29825130337079,35.668763931818184
1638,51.29825130337079,35.674679045454546
1677,51.304063561797754,35.639188363636364
1678,51.304063561797754,35.64510347727273
1679,51.304063561797754,35.65101859090909
1680,51.304063561797754,35.65693370454545
1681,51.304063561797754,35.66284881818182
1682,51.304063561797754,35.668763931818184
1683,51.304063561797754,35.674679045454546
1721,51.30987582022472,35.63327325
1722,51.30987582022472,35.639188363636364
1723,51.30987582022472,35.64510347727273
1724,51.30987582022472,35.65101859090909
1725,51.30987582022472,35.65693370454545
1726,51.30987582022472,35.66284881818182
1727,51.30987582022472,35.668763931818184
1766,51.31568807865169,35.63327325
1767,51.31568807865169,35.639188363636364
1768,51.31568807865169,35.64510347727273
1769,51.31568807865169,35.65101859090909
1770,51.31568807865169,35.65693370454545
1771,51.31568807865169,35.66284881818182
1772,51.31568807865169,35.668763931818184
1810,51.32150033707865,35.62735813636364
1811,51.32150033707865,35.63327325
1812,51.32150033707865,35.639188363636364
1813,51.32150033707865,35.64510347727273
1814,51.32150033707865,35.65101859090909
1815,51.32150033707865,35.65693370454545
1816,51.32150033707865,35.66284881818182
1817,51.32150033707865,35.668763931818184
1854,51.32731259550562,35.62144302272727
1855,51.32731259550562,35.62735813636364
1856,51.32731259550562,35.63327325
1857,51.32731259550562,35.639188363636364
1858,51.32731259550562,35.64510347727273
1859,51.32731259550562,35.65101859090909
1860,51.32731259550562,35.65693370454545
1861,51.32731259550562,35.66284881818182
1900,51.33312485393259,35.62735813636364
1901,51.33312485393259,35.63327325
1902,51.33312485393259,35.639188363636364
1903,51.33312485393259,35.64510347727273
1904,51.33312485393259,35.65101859090909
1905,51.33312485393259,35.65693370454545
1906,51.33312485393259,35.66284881818182
1946,51.33893711235955,35.63327325
1947,51.33893711235955,35.639188363636364
1948,51.33893711235955,35.64510347727273
1949,51.33893711235955,35.65101859090909
1950,51.33893711235955,35.65693370454545
1951,51.33893711235955,35.66284881818182
1991,51.344749370786516,35.63327325
1992,51.344749370786516,35.639188363636364
1993,51.344749370786516,35.64510347727273
1994,51.344749370786516,35.65101859090909
1995,51.344749370786516,35.65693370454545
2037,51.35056162921349,35.639188363636364
2038,51.35056162921349,35.64510347727273
1384,51.26337775280899,35.76932086363636
1386,51.26337775280899,35.78115109090909
1424,51.269190011235956,35.73974529545455
1425,51.269190011235956,35.74566040909091
1426,51.269190011235956,35.75157552272727
1427,51.269190011235956,35.757490636363634
1428,51.269190011235956,35.76340575
1429,51.269190011235956,35.76932086363636
1430,51.269190011235956,35.77523597727273
1431,51.269190011235956,35.78115109090909
1469,51.27500226966292,35.73974529545455
1470,51.27500226966292,35.74566040909091
1471,51.27500226966292,35.75157552272727
1472,51.27500226966292,35.757490636363634
1473,51.27500226966292,35.76340575
1474,51.27500226966292,35.76932086363636
1475,51.27500226966292,35.77523597727273
1513,51.28081452808989,35.73383018181818
1514,51.28081452808989,35.73974529545455
1515,51.28081452808989,35.74566040909091
1516,51.28081452808989,35.75157552272727
1517,51.28081452808989,35.757490636363634
1518,51.28081452808989,35.76340575
1519,51.28081452808989,35.76932086363636
1520,51.28081452808989,35.77523597727273
1521,51.28081452808989,35.78115109090909
1557,51.286626786516855,35.727915068181815
1558,51.286626786516855,35.73383018181818
1559,51.286626786516855,35.73974529545455
1560,51.286626786516855,35.74566040909091
1561,51.286626786516855,35.75157552272727
1562,51.286626786516855,35.757490636363634
1563,51.286626786516855,35.76340575
1564,51.286626786516855,35.76932086363636
1565,51.286626786516855,35.77523597727273
1601,51.29243904494382,35.72199995454545
1602,51.29243904494382,35.727915068181815
1603,51.29243904494382,35.73383018181818
1604,51.29243904494382,35.73974529545455
1605,51.29243904494382,35.74566040909091
1606,51.29243904494382,35.75157552272727
1607,51.29243904494382,35.757490636363634
1608,51.29243904494382,35.76340575
1609,51.29243904494382,35.76932086363636
1610,51.29243904494382,35.77523597727273
1611,51.29243904494382,35.78115109090909
1646,51.29825130337079,35.72199995454545
1647,51.29825130337079,35.727915068181815
1648,51.29825130337079,35.73383018181818
1649,51.29825130337079,35.73974529545455
1650,51.29825130337079,35.74566040909091
1651,51.29825130337079,35.75157552272727
1652,51.29825130337079,35.757490636363634
1653,51.29825130337079,35.76340575
1654,51.29825130337079,35.76932086363636
1655,51.29825130337079,35.77523597727273
1656,51.29825130337079,35.78115109090909
1691,51.304063561797754,35.72199995454545
1692,51.304063561797754,35.727915068181815
1693,51.304063561797754,35.73383018181818
1694,51.304063561797754,35.73974529545455
1695,51.304063561797754,35.74566040909091
1696,51.304063561797754,35.75157552272727
1697,51.304063561797754,35.757490636363634
1698,51.304063561797754,35.76340575
1699,51.304063561797754,35.76932086363636
1700,51.304063561797754,35.77523597727273
1701,51.304063561797754,35.78115109090909
1702,51.304063561797754,35.787066204545454
1703,51.304063561797754,35.792981318181816
1736,51.30987582022472,35.72199995454545
1737,51.30987582022472,35.727915068181815
1738,51.30987582022472,35.73383018181818
1739,51.30987582022472,35.73974529545455
1740,51.30987582022472,35.74566040909091
1741,51.30987582022472,35.75157552272727
1742,51.30987582022472,35.757490636363634
1743,51.30987582022472,35.76340575
1744,51.30987582022472,35.76932086363636
1745,51.30987582022472,35.77523597727273
1746,51.30987582022472,35.78115109090909
1747,51.30987582022472,35.787066204545454
1781,51.31568807865169,35.72199995454545
1782,51.31568807865169,35.727915068181815
1783,51.31568807865169,35.73383018181818
1784,51.31568807865169,35.73974529545455
1785,51.31568807865169,35.74566040909091
1786,51.31568807865169,35.75157552272727
1787,51.31568807865169,35.757490636363634
1788,51.31568807865169,35.76340575
1789,51.31568807865169,35.76932086363636
1790,51.31568807865169,35.77523597727273
1791,51.31568807865169,35.78115109090909
1792,51.31568807865169,35.787066204545454
1825,51.32150033707865,35.71608484090909
1826,51.32150033707865,35.72199995454545
1827,51.32150033707865,35.727915068181815
1828,51.32150033707865,35.73383018181818
1829,51.32150033707865,35.73974529545455
1830,51.32150033707865,35.74566040909091
1831,51.32150033707865,35.75157552272727
1832,51.32150033707865,35.757490636363634
1833,51.32150033707865,35.76340575
1834,51.32150033707865,35.76932086363636
1835,51.32150033707865,35.77523597727273
1836,51.32150033707865,35.78115109090909
1837,51.32150033707865,35.787066204545454
1870,51.32731259550562,35.71608484090909
1871,51.32731259550562,35.72199995454545
1872,51.32731259550562,35.727915068181815
1873,51.32731259550562,35.73383018181818
1874,51.32731259550562,35.73974529545455
1875,51.32731259550562,35.74566040909091
1876,51.32731259550562,35.75157552272727
1877,51.32731259550562,35.757490636363634
1878,51.32731259550562,35.76340575
1879,51.32731259550562,35.76932086363636
1880,51.32731259550562,35.77523597727273
1881,51.32731259550562,35.78115109090909
1882,51.32731259550562,35.787066204545454
1883,51.32731259550562,35.792981318181816
1915,51.33312485393259,35.71608484090909
1916,51.33312485393259,35.72199995454545
1917,51.33312485393259,35.727915068181815
1918,51.33312485393259,35.73383018181818
1919,51.33312485393259,35.73974529545455
1922,51.33312485393259,35.757490636363634
1923,51.33312485393259,35.76340575
1924,51.33312485393259,35.76932086363636
1925,51.33312485393259,35.77523597727273
1926,51.33312485393259,35.78115109090909
1927,51.33312485393259,35.787066204545454
1971,51.33893711235955,35.78115109090909
1972,51.33893711235955,35.787066204545454
1973,51.33893711235955,35.792981318181816
1974,51.33893711235955,35.79889643181818
1975,51.33893711235955,35.80481154545454
1504,51.28081452808989,35.68059415909091
1549,51.286626786516855,35.68059415909091
1550,51.286626786516855,35.68650927272727
1594,51.29243904494382,35.68059415909091
1595,51.29243904494382,35.68650927272727
1596,51.29243904494382,35.69242438636363
1597,51.29243904494382,35.6983395
1598,51.29243904494382,35.704254613636365
1599,51.29243904494382,35.71016972727273
1600,51.29243904494382,35.71608484090909
1639,51.29825130337079,35.68059415909091
1640,51.29825130337079,35.68650927272727
1641,51.29825130337079,35.69242438636363
1642,51.29825130337079,35.6983395
1643,51.29825130337079,35.704254613636365
1644,51.29825130337079,35.71016972727273
1645,51.29825130337079,35.71608484090909
1684,51.304063561797754,35.68059415909091
1685,51.304063561797754,35.68650927272727
1686,51.304063561797754,35.69242438636363
1687,51.304063561797754,35.6983395
1688,51.304063561797754,35.704254613636365
1689,51.304063561797754,35.71016972727273
1690,51.304063561797754,35.71608484090909
1728,51.30987582022472,35.674679045454546
1729,51.30987582022472,35.68059415909091
1730,51.30987582022472,35.68650927272727
1731,51.30987582022472,35.69242438636363
1732,51.30987582022472,35.6983395
1733,51.30987582022472,35.704254613636365
1734,51.30987582022472,35.71016972727273
1735,51.30987582022472,35.71608484090909
1773,51.31568807865169,35.674679045454546
1774,51.31568807865169,35.68059415909091
1775,51.31568807865169,35.68650927272727
1776,51.31568807865169,35.69242438636363
1777,51.31568807865169,35.6983395
1778,51.31568807865169,35.704254613636365
1779,51.31568807865169,35.71016972727273
1780,51.31568807865169,35.71608484090909
1818,51.32150033707865,35.674679045454546
1819,51.32150033707865,35.68059415909091
1820,51.32150033707865,35.68650927272727
1821,51.32150033707865,35.69242438636363
1822,51.32150033707865,35.6983395
1823,51.32150033707865,35.704254613636365
1824,51.32150033707865,35.71016972727273
1862,51.32731259550562,35.668763931818184
1863,51.32731259550562,35.674679045454546
1864,51.32731259550562,35.68059415909091
1865,51.32731259550562,35.68650927272727
1866,51.32731259550562,35.69242438636363
1867,51.32731259550562,35.6983395
1868,51.32731259550562,35.704254613636365
1869,51.32731259550562,35.71016972727273
1907,51.33312485393259,35.668763931818184
1908,51.33312485393259,35.674679045454546
1909,51.33312485393259,35.68059415909091
1910,51.33312485393259,35.68650927272727
1911,51.33312485393259,35.69242438636363
1912,51.33312485393259,35.6983395
1913,51.33312485393259,35.704254613636365
1914,51.33312485393259,35.71016972727273
1952,51.33893711235955,35.668763931818184
1953,51.33893711235955,35.674679045454546
1954,51.33893711235955,35.68059415909091
1955,51.33893711235955,35.68650927272727
1956,51.33893711235955,35.69242438636363
1957,51.33893711235955,35.6983395
1997,51.344749370786516,35.668763931818184
1998,51.344749370786516,35.674679045454546
1999,51.344749370786516,35.68059415909091
2000,51.344749370786516,35.68650927272727
2001,51.344749370786516,35.69242438636363
2002,51.344749370786516,35.6983395
2043,51.35056162921349,35.674679045454546
2044,51.35056162921349,35.68059415909091
2045,51.35056162921349,35.68650927272727
2046,51.35056162921349,35.69242438636363
2047,51.35056162921349,35.6983395
1898,51.33312485393259,35.61552790909091
1899,51.33312485393259,35.62144302272727
1942,51.33893711235955,35.609612795454545
1943,51.33893711235955,35.61552790909091
1944,51.33893711235955,35.62144302272727
1945,51.33893711235955,35.62735813636364
1987,51.344749370786516,35.609612795454545
1988,51.344749370786516,35.61552790909091
1989,51.344749370786516,35.62144302272727
1990,51.344749370786516,35.62735813636364
2032,51.35056162921349,35.609612795454545
2033,51.35056162921349,35.61552790909091
2034,51.35056162921349,35.62144302272727
2035,51.35056162921349,35.62735813636364
2036,51.35056162921349,35.63327325
2077,51.35637388764045,35.609612795454545
2078,51.35637388764045,35.61552790909091
2079,51.35637388764045,35.62144302272727
2080,51.35637388764045,35.62735813636364
2081,51.35637388764045,35.63327325
2123,51.362186146067415,35.61552790909091
2124,51.362186146067415,35.62144302272727
2125,51.362186146067415,35.62735813636364
2126,51.362186146067415,35.63327325
2127,51.362186146067415,35.639188363636364
2168,51.36799840449439,35.61552790909091
2169,51.36799840449439,35.62144302272727
2170,51.36799840449439,35.62735813636364
2171,51.36799840449439,35.63327325
2172,51.36799840449439,35.639188363636364
2213,51.37381066292135,35.61552790909091
2214,51.37381066292135,35.62144302272727
2215,51.37381066292135,35.62735813636364
2216,51.37381066292135,35.63327325
2217,51.37381066292135,35.639188363636364
2218,51.37381066292135,35.64510347727273
2219,51.37381066292135,35.65101859090909
2258,51.379622921348314,35.61552790909091
2259,51.379622921348314,35.62144302272727
2260,51.379622921348314,35.62735813636364
2261,51.379622921348314,35.63327325
2262,51.379622921348314,35.639188363636364
2263,51.379622921348314,35.64510347727273
2264,51.379622921348314,35.65101859090909
2303,51.385435179775286,35.61552790909091
2304,51.385435179775286,35.62144302272727
2305,51.385435179775286,35.62735813636364
2306,51.385435179775286,35.63327325
2307,51.385435179775286,35.639188363636364
2308,51.385435179775286,35.64510347727273
2309,51.385435179775286,35.65101859090909
2348,51.39124743820225,35.61552790909091
2349,51.39124743820225,35.62144302272727
2350,51.39124743820225,35.62735813636364
2351,51.39124743820225,35.63327325
2352,51.39124743820225,35.639188363636364
2353,51.39124743820225,35.64510347727273
2393,51.39705969662921,35.61552790909091
2394,51.39705969662921,35.62144302272727
2395,51.39705969662921,35.62735813636364
2438,51.402871955056185,35.61552790909091
2439,51.402871955056185,35.62144302272727
1920,51.33312485393259,35.74566040909091
1921,51.33312485393259,35.75157552272727
1958,51.33893711235955,35.704254613636365
1959,51.33893711235955,35.71016972727273
1960,51.33893711235955,35.71608484090909
1961,51.33893711235955,35.72199995454545
1962,51.33893711235955,35.727915068181815
1963,51.33893711235955,35.73383018181818
1964,51.33893711235955,35.73974529545455
1965,51.33893711235955,35.74566040909091
1966,51.33893711235955,35.75157552272727
1967,51.33893711235955,35.757490636363634
1968,51.33893711235955,35.76340575
1969,51.33893711235955,35.76932086363636
1970,51.33893711235955,35.77523597727273
2003,51.344749370786516,35.704254613636365
2004,51.344749370786516,35.71016972727273
2005,51.344749370786516,35.71608484090909
2006,51.344749370786516,35.72199995454545
2007,51.344749370786516,35.727915068181815
2008,51.344749370786516,35.73383018181818
2009,51.344749370786516,35.73974529545455
2010,51.344749370786516,35.74566040909091
2011,51.344749370786516,35.75157552272727
2012,51.344749370786516,35.757490636363634
2013,51.344749370786516,35.76340575
2014,51.344749370786516,35.76932086363636
2015,51.344749370786516,35.77523597727273
2016,51.344749370786516,35.78115109090909
2017,51.344749370786516,35.787066204545454
2018,51.344749370786516,35.792981318181816
2048,51.35056162921349,35.704254613636365
2049,51.35056162921349,35.71016972727273
2050,51.35056162921349,35.71608484090909
2051,51.35056162921349,35.72199995454545
2052,51.35056162921349,35.727915068181815
2053,51.35056162921349,35.73383018181818
2054,51.35056162921349,35.73974529545455
2055,51.35056162921349,35.74566040909091
2056,51.35056162921349,35.75157552272727
2057,51.35056162921349,35.757490636363634
2058,51.35056162921349,35.76340575
2059,51.35056162921349,35.76932086363636
2060,51.35056162921349,35.77523597727273
2061,51.35056162921349,35.78115109090909
2062,51.35056162921349,35.787066204545454
2063,51.35056162921349,35.792981318181816
2093,51.35637388764045,35.704254613636365
2094,51.35637388764045,35.71016972727273
2095,51.35637388764045,35.71608484090909
2096,51.35637388764045,35.72199995454545
2097,51.35637388764045,35.727915068181815
2098,51.35637388764045,35.73383018181818
2099,51.35637388764045,35.73974529545455
2100,51.35637388764045,35.74566040909091
2101,51.35637388764045,35.75157552272727
2102,51.35637388764045,35.757490636363634
2103,51.35637388764045,35.76340575
2104,51.35637388764045,35.76932086363636
2105,51.35637388764045,35.77523597727273
2106,51.35637388764045,35.78115109090909
2107,51.35637388764045,35.787066204545454
2108,51.35637388764045,35.792981318181816
2138,51.362186146067415,35.704254613636365
2139,51.362186146067415,35.71016972727273
2140,51.362186146067415,35.71608484090909
2141,51.362186146067415,35.72199995454545
2142,51.362186146067415,35.727915068181815
2143,51.362186146067415,35.73383018181818
2144,51.362186146067415,35.73974529545455
2145,51.362186146067415,35.74566040909091
2146,51.362186146067415,35.75157552272727
2147,51.362186146067415,35.757490636363634
2148,51.362186146067415,35.76340575
2149,51.362186146067415,35.76932086363636
2150,51.362186146067415,35.77523597727273
2151,51.362186146067415,35.78115109090909
2152,51.362186146067415,35.787066204545454
2153,51.362186146067415,35.792981318181816
2154,51.362186146067415,35.79889643181818
2183,51.36799840449439,35.704254613636365
2184,51.36799840449439,35.71016972727273
2185,51.36799840449439,35.71608484090909
2186,51.36799840449439,35.72199995454545
2187,51.36799840449439,35.727915068181815
2188,51.36799840449439,35.73383018181818
2189,51.36799840449439,35.73974529545455
2190,51.36799840449439,35.74566040909091
2191,51.36799840449439,35.75157552272727
2192,51.36799840449439,35.757490636363634
2193,51.36799840449439,35.76340575
2194,51.36799840449439,35.76932086363636
2195,51.36799840449439,35.77523597727273
2196,51.36799840449439,35.78115109090909
2197,51.36799840449439,35.787066204545454
2198,51.36799840449439,35.792981318181816
2228,51.37381066292135,35.704254613636365
2229,51.37381066292135,35.71016972727273
2230,51.37381066292135,35.71608484090909
2231,51.37381066292135,35.72199995454545
2232,51.37381066292135,35.727915068181815
2233,51.37381066292135,35.73383018181818
2234,51.37381066292135,35.73974529545455
2235,51.37381066292135,35.74566040909091
2236,51.37381066292135,35.75157552272727
2237,51.37381066292135,35.757490636363634
2238,51.37381066292135,35.76340575
2239,51.37381066292135,35.76932086363636
2240,51.37381066292135,35.77523597727273
2241,51.37381066292135,35.78115109090909
2242,51.37381066292135,35.787066204545454
2243,51.37381066292135,35.792981318181816
2277,51.379622921348314,35.727915068181815
2278,51.379622921348314,35.73383018181818
2279,51.379622921348314,35.73974529545455
2280,51.379622921348314,35.74566040909091
2281,51.379622921348314,35.75157552272727
2282,51.379622921348314,35.757490636363634
2283,51.379622921348314,35.76340575
2284,51.379622921348314,35.76932086363636
2285,51.379622921348314,35.77523597727273
2286,51.379622921348314,35.78115109090909
2287,51.379622921348314,35.787066204545454
2290,51.379622921348314,35.80481154545454
2326,51.385435179775286,35.75157552272727
2327,51.385435179775286,35.757490636363634
2328,51.385435179775286,35.76340575
2329,51.385435179775286,35.76932086363636
2330,51.385435179775286,35.77523597727273
2331,51.385435179775286,35.78115109090909
2332,51.385435179775286,35.787066204545454
2376,51.39124743820225,35.78115109090909
2377,51.39124743820225,35.787066204545454
1996,51.344749370786516,35.66284881818182
2039,51.35056162921349,35.65101859090909
2040,51.35056162921349,35.65693370454545
2041,51.35056162921349,35.66284881818182
2042,51.35056162921349,35.668763931818184
2082,51.35637388764045,35.639188363636364
2083,51.35637388764045,35.64510347727273
2084,51.35637388764045,35.65101859090909
2085,51.35637388764045,35.65693370454545
2086,51.35637388764045,35.66284881818182
2087,51.35637388764045,35.668763931818184
2128,51.362186146067415,35.64510347727273
2129,51.362186146067415,35.65101859090909
2130,51.362186146067415,35.65693370454545
2131,51.362186146067415,35.66284881818182
2173,51.36799840449439,35.64510347727273
2174,51.36799840449439,35.65101859090909
2175,51.36799840449439,35.65693370454545
2176,51.36799840449439,35.66284881818182
2220,51.37381066292135,35.65693370454545
2221,51.37381066292135,35.66284881818182
2265,51.379622921348314,35.65693370454545
2266,51.379622921348314,35.66284881818182
2267,51.379622921348314,35.668763931818184
2088,51.35637388764045,35.674679045454546
2089,51.35637388764045,35.68059415909091
2090,51.35637388764045,35.68650927272727
2091,51.35637388764045,35.69242438636363
2092,51.35637388764045,35.6983395
2132,51.362186146067415,35.668763931818184
2133,51.362186146067415,35.674679045454546
2134,51.362186146067415,35.68059415909091
2135,51.362186146067415,35.68650927272727
2136,51.362186146067415,35.69242438636363
2137,51.362186146067415,35.6983395
2177,51.36799840449439,35.668763931818184
2178,51.36799840449439,35.674679045454546
2179,51.36799840449439,35.68059415909091
2180,51.36799840449439,35.68650927272727
2181,51.36799840449439,35.69242438636363
2182,51.36799840449439,35.6983395
2222,51.37381066292135,35.668763931818184
2223,51.37381066292135,35.674679045454546
2224,51.37381066292135,35.68059415909091
2225,51.37381066292135,35.68650927272727
2226,51.37381066292135,35.69242438636363
2227,51.37381066292135,35.6983395
2268,51.379622921348314,35.674679045454546
2269,51.379622921348314,35.68059415909091
2270,51.379622921348314,35.68650927272727
2271,51.379622921348314,35.69242438636363
2272,51.379622921348314,35.6983395
2311,51.385435179775286,35.66284881818182
2312,51.385435179775286,35.668763931818184
2313,51.385435179775286,35.674679045454546
2314,51.385435179775286,35.68059415909091
2315,51.385435179775286,35.68650927272727
2316,51.385435179775286,35.69242438636363
2317,51.385435179775286,35.6983395
2356,51.39124743820225,35.66284881818182
2357,51.39124743820225,35.668763931818184
2358,51.39124743820225,35.674679045454546
2359,51.39124743820225,35.68059415909091
2360,51.39124743820225,35.68650927272727
2361,51.39124743820225,35.69242438636363
2362,51.39124743820225,35.6983395
2401,51.39705969662921,35.66284881818182
2402,51.39705969662921,35.668763931818184
2403,51.39705969662921,35.674679045454546
2404,51.39705969662921,35.68059415909091
2405,51.39705969662921,35.68650927272727
2406,51.39705969662921,35.69242438636363
2407,51.39705969662921,35.6983395
2446,51.402871955056185,35.66284881818182
2447,51.402871955056185,35.668763931818184
2448,51.402871955056185,35.674679045454546
2449,51.402871955056185,35.68059415909091
2450,51.402871955056185,35.68650927272727
2451,51.402871955056185,35.69242438636363
2452,51.402871955056185,35.6983395
2494,51.40868421348315,35.68059415909091
2495,51.40868421348315,35.68650927272727
2496,51.40868421348315,35.69242438636363
2497,51.40868421348315,35.6983395
2273,51.379622921348314,35.704254613636365
2274,51.379622921348314,35.71016972727273
2275,51.379622921348314,35.71608484090909
2276,51.379622921348314,35.72199995454545
2318,51.385435179775286,35.704254613636365
2319,51.385435179775286,35.71016972727273
2320,51.385435179775286,35.71608484090909
2321,51.385435179775286,35.72199995454545
2322,51.385435179775286,35.727915068181815
2323,51.385435179775286,35.73383018181818
2324,51.385435179775286,35.73974529545455
2363,51.39124743820225,35.704254613636365
2364,51.39124743820225,35.71016972727273
2365,51.39124743820225,35.71608484090909
2366,51.39124743820225,35.72199995454545
2367,51.39124743820225,35.727915068181815
2368,51.39124743820225,35.73383018181818
2369,51.39124743820225,35.73974529545455
2408,51.39705969662921,35.704254613636365
2409,51.39705969662921,35.71016972727273
2410,51.39705969662921,35.71608484090909
2411,51.39705969662921,35.72199995454545
2412,51.39705969662921,35.727915068181815
2413,51.39705969662921,35.73383018181818
2414,51.39705969662921,35.73974529545455
2453,51.402871955056185,35.704254613636365
2454,51.402871955056185,35.71016972727273
2455,51.402871955056185,35.71608484090909
2456,51.402871955056185,35.72199995454545
2457,51.402871955056185,35.727915068181815
2458,51.402871955056185,35.73383018181818
2459,51.402871955056185,35.73974529545455
2498,51.40868421348315,35.704254613636365
2499,51.40868421348315,35.71016972727273
2500,51.40868421348315,35.71608484090909
2501,51.40868421348315,35.72199995454545
2502,51.40868421348315,35.727915068181815
2503,51.40868421348315,35.73383018181818
2504,51.40868421348315,35.73974529545455
2543,51.41449647191011,35.704254613636365
2544,51.41449647191011,35.71016972727273
2545,51.41449647191011,35.71608484090909
2546,51.41449647191011,35.72199995454545
2547,51.41449647191011,35.727915068181815
2548,51.41449647191011,35.73383018181818
2549,51.41449647191011,35.73974529545455
2588,51.420308730337084,35.704254613636365
2589,51.420308730337084,35.71016972727273
2590,51.420308730337084,35.71608484090909
2591,51.420308730337084,35.72199995454545
2592,51.420308730337084,35.727915068181815
2593,51.420308730337084,35.73383018181818
2594,51.420308730337084,35.73974529545455
2635,51.42612098876405,35.71608484090909
2310,51.385435179775286,35.65693370454545
2354,51.39124743820225,35.65101859090909
2355,51.39124743820225,35.65693370454545
2396,51.39705969662921,35.63327325
2397,51.39705969662921,35.639188363636364
2398,51.39705969662921,35.64510347727273
2399,51.39705969662921,35.65101859090909
2400,51.39705969662921,35.65693370454545
2440,51.402871955056185,35.62735813636364
2441,51.402871955056185,35.63327325
2442,51.402871955056185,35.639188363636364
2443,51.402871955056185,35.64510347727273
2444,51.402871955056185,35.65101859090909
2445,51.402871955056185,35.65693370454545
2483,51.40868421348315,35.61552790909091
2484,51.40868421348315,35.62144302272727
2485,51.40868421348315,35.62735813636364
2486,51.40868421348315,35.63327325
2487,51.40868421348315,35.639188363636364
2488,51.40868421348315,35.64510347727273
2489,51.40868421348315,35.65101859090909
2490,51.40868421348315,35.65693370454545
2528,51.41449647191011,35.61552790909091
2529,51.41449647191011,35.62144302272727
2530,51.41449647191011,35.62735813636364
2531,51.41449647191011,35.63327325
2532,51.41449647191011,35.639188363636364
2533,51.41449647191011,35.64510347727273
2534,51.41449647191011,35.65101859090909
2535,51.41449647191011,35.65693370454545
2574,51.420308730337084,35.62144302272727
2575,51.420308730337084,35.62735813636364
2576,51.420308730337084,35.63327325
2577,51.420308730337084,35.639188363636364
2578,51.420308730337084,35.64510347727273
2579,51.420308730337084,35.65101859090909
2580,51.420308730337084,35.65693370454545
2620,51.42612098876405,35.62735813636364
2621,51.42612098876405,35.63327325
2622,51.42612098876405,35.639188363636364
2623,51.42612098876405,35.64510347727273
2624,51.42612098876405,35.65101859090909
2625,51.42612098876405,35.65693370454545
2665,51.43193324719101,35.62735813636364
2666,51.43193324719101,35.63327325
2667,51.43193324719101,35.639188363636364
2668,51.43193324719101,35.64510347727273
2669,51.43193324719101,35.65101859090909
2325,51.385435179775286,35.74566040909091
2370,51.39124743820225,35.74566040909091
2371,51.39124743820225,35.75157552272727
2372,51.39124743820225,35.757490636363634
2373,51.39124743820225,35.76340575
2374,51.39124743820225,35.76932086363636
2375,51.39124743820225,35.77523597727273
2415,51.39705969662921,35.74566040909091
2416,51.39705969662921,35.75157552272727
2417,51.39705969662921,35.757490636363634
2418,51.39705969662921,35.76340575
2419,51.39705969662921,35.76932086363636
2420,51.39705969662921,35.77523597727273
2421,51.39705969662921,35.78115109090909
2422,51.39705969662921,35.787066204545454
2460,51.402871955056185,35.74566040909091
2461,51.402871955056185,35.75157552272727
2462,51.402871955056185,35.757490636363634
2463,51.402871955056185,35.76340575
2464,51.402871955056185,35.76932086363636
2465,51.402871955056185,35.77523597727273
2466,51.402871955056185,35.78115109090909
2467,51.402871955056185,35.787066204545454
2468,51.402871955056185,35.792981318181816
2505,51.40868421348315,35.74566040909091
2506,51.40868421348315,35.75157552272727
2507,51.40868421348315,35.757490636363634
2508,51.40868421348315,35.76340575
2509,51.40868421348315,35.76932086363636
2510,51.40868421348315,35.77523597727273
2511,51.40868421348315,35.78115109090909
2512,51.40868421348315,35.787066204545454
2550,51.41449647191011,35.74566040909091
2551,51.41449647191011,35.75157552272727
2552,51.41449647191011,35.757490636363634
2553,51.41449647191011,35.76340575
2554,51.41449647191011,35.76932086363636
2555,51.41449647191011,35.77523597727273
2556,51.41449647191011,35.78115109090909
2557,51.41449647191011,35.787066204545454
2595,51.420308730337084,35.74566040909091
2596,51.420308730337084,35.75157552272727
2597,51.420308730337084,35.757490636363634
2598,51.420308730337084,35.76340575
2599,51.420308730337084,35.76932086363636
2600,51.420308730337084,35.77523597727273
2601,51.420308730337084,35.78115109090909
2602,51.420308730337084,35.787066204545454
2640,51.42612098876405,35.74566040909091
2641,51.42612098876405,35.75157552272727
2642,51.42612098876405,35.757490636363634
2643,51.42612098876405,35.76340575
2644,51.42612098876405,35.76932086363636
2645,51.42612098876405,35.77523597727273
2685,51.43193324719101,35.74566040909091
2686,51.43193324719101,35.75157552272727
2687,51.43193324719101,35.757490636363634
2688,51.43193324719101,35.76340575
2689,51.43193324719101,35.76932086363636
2690,51.43193324719101,35.77523597727273
2730,51.43774550561798,35.74566040909091
2731,51.43774550561798,35.75157552272727
2732,51.43774550561798,35.757490636363634
2733,51.43774550561798,35.76340575
2734,51.43774550561798,35.76932086363636
2735,51.43774550561798,35.77523597727273
2736,51.43774550561798,35.78115109090909
2775,51.44355776404495,35.74566040909091
2776,51.44355776404495,35.75157552272727
2777,51.44355776404495,35.757490636363634
2778,51.44355776404495,35.76340575
2779,51.44355776404495,35.76932086363636
2780,51.44355776404495,35.77523597727273
2781,51.44355776404495,35.78115109090909
2822,51.44937002247191,35.757490636363634
2823,51.44937002247191,35.76340575
2824,51.44937002247191,35.76932086363636
2825,51.44937002247191,35.77523597727273
2826,51.44937002247191,35.78115109090909
2827,51.44937002247191,35.787066204545454
2868,51.45518228089888,35.76340575
2869,51.45518228089888,35.76932086363636
2870,51.45518228089888,35.77523597727273
2871,51.45518228089888,35.78115109090909
2872,51.45518228089888,35.787066204545454
2915,51.460994539325846,35.77523597727273
2916,51.460994539325846,35.78115109090909
2917,51.460994539325846,35.787066204545454
2918,51.460994539325846,35.792981318181816
2961,51.46680679775281,35.78115109090909
2962,51.46680679775281,35.787066204545454
3007,51.47261905617978,35.787066204545454
2333,51.385435179775286,35.792981318181816
2335,51.385435179775286,35.80481154545454
2378,51.39124743820225,35.792981318181816
2379,51.39124743820225,35.79889643181818
2380,51.39124743820225,35.80481154545454
2381,51.39124743820225,35.81072665909091
2423,51.39705969662921,35.792981318181816
2424,51.39705969662921,35.79889643181818
2425,51.39705969662921,35.80481154545454
2426,51.39705969662921,35.81072665909091
2469,51.402871955056185,35.79889643181818
2470,51.402871955056185,35.80481154545454
2471,51.402871955056185,35.81072665909091
2513,51.40868421348315,35.792981318181816
2514,51.40868421348315,35.79889643181818
2515,51.40868421348315,35.80481154545454
2516,51.40868421348315,35.81072665909091
2558,51.41449647191011,35.792981318181816
2559,51.41449647191011,35.79889643181818
2560,51.41449647191011,35.80481154545454
2561,51.41449647191011,35.81072665909091
2562,51.41449647191011,35.81664177272727
2603,51.420308730337084,35.792981318181816
2604,51.420308730337084,35.79889643181818
2605,51.420308730337084,35.80481154545454
2606,51.420308730337084,35.81072665909091
2607,51.420308730337084,35.81664177272727
2646,51.42612098876405,35.78115109090909
2647,51.42612098876405,35.787066204545454
2648,51.42612098876405,35.792981318181816
2649,51.42612098876405,35.79889643181818
2650,51.42612098876405,35.80481154545454
2651,51.42612098876405,35.81072665909091
2652,51.42612098876405,35.81664177272727
2653,51.42612098876405,35.822556886363635
2691,51.43193324719101,35.78115109090909
2692,51.43193324719101,35.787066204545454
2693,51.43193324719101,35.792981318181816
2694,51.43193324719101,35.79889643181818
2695,51.43193324719101,35.80481154545454
2696,51.43193324719101,35.81072665909091
2697,51.43193324719101,35.81664177272727
2698,51.43193324719101,35.822556886363635
2737,51.43774550561798,35.787066204545454
2738,51.43774550561798,35.792981318181816
2739,51.43774550561798,35.79889643181818
2740,51.43774550561798,35.80481154545454
2741,51.43774550561798,35.81072665909091
2742,51.43774550561798,35.81664177272727
2782,51.44355776404495,35.787066204545454
2783,51.44355776404495,35.792981318181816
2784,51.44355776404495,35.79889643181818
2785,51.44355776404495,35.80481154545454
2786,51.44355776404495,35.81072665909091
2787,51.44355776404495,35.81664177272727
2828,51.44937002247191,35.792981318181816
2829,51.44937002247191,35.79889643181818
2830,51.44937002247191,35.80481154545454
2831,51.44937002247191,35.81072665909091
2832,51.44937002247191,35.81664177272727
2873,51.45518228089888,35.792981318181816
2874,51.45518228089888,35.79889643181818
2875,51.45518228089888,35.80481154545454
2876,51.45518228089888,35.81072665909091
2877,51.45518228089888,35.81664177272727
2919,51.460994539325846,35.79889643181818
2920,51.460994539325846,35.80481154545454
2921,51.460994539325846,35.81072665909091
2922,51.460994539325846,35.81664177272727
2923,51.460994539325846,35.822556886363635
2963,51.46680679775281,35.792981318181816
2964,51.46680679775281,35.79889643181818
2965,51.46680679775281,35.80481154545454
2966,51.46680679775281,35.81072665909091
2967,51.46680679775281,35.81664177272727
2968,51.46680679775281,35.822556886363635
3008,51.47261905617978,35.792981318181816
3009,51.47261905617978,35.79889643181818
3010,51.47261905617978,35.80481154545454
3011,51.47261905617978,35.81072665909091
3012,51.47261905617978,35.81664177272727
3053,51.478431314606745,35.792981318181816
3054,51.478431314606745,35.79889643181818
3055,51.478431314606745,35.80481154545454
3056,51.478431314606745,35.81072665909091
3057,51.478431314606745,35.81664177272727
3098,51.48424357303371,35.792981318181816
3099,51.48424357303371,35.79889643181818
3100,51.48424357303371,35.80481154545454
3101,51.48424357303371,35.81072665909091
3102,51.48424357303371,35.81664177272727
3142,51.49005583146067,35.787066204545454
3143,51.49005583146067,35.792981318181816
3144,51.49005583146067,35.79889643181818
3145,51.49005583146067,35.80481154545454
3146,51.49005583146067,35.81072665909091
3147,51.49005583146067,35.81664177272727
3187,51.495868089887644,35.787066204545454
3188,51.495868089887644,35.792981318181816
3189,51.495868089887644,35.79889643181818
3190,51.495868089887644,35.80481154545454
3191,51.495868089887644,35.81072665909091
3192,51.495868089887644,35.81664177272727
3232,51.50168034831461,35.787066204545454
3233,51.50168034831461,35.792981318181816
3234,51.50168034831461,35.79889643181818
3235,51.50168034831461,35.80481154545454
3236,51.50168034831461,35.81072665909091
3277,51.50749260674157,35.787066204545454
3278,51.50749260674157,35.792981318181816
3279,51.50749260674157,35.79889643181818
3280,51.50749260674157,35.80481154545454
3281,51.50749260674157,35.81072665909091
3282,51.50749260674157,35.81664177272727
3322,51.51330486516854,35.787066204545454
3323,51.51330486516854,35.792981318181816
3324,51.51330486516854,35.79889643181818
3325,51.51330486516854,35.80481154545454
3326,51.51330486516854,35.81072665909091
3366,51.51911712359551,35.78115109090909
3367,51.51911712359551,35.787066204545454
3368,51.51911712359551,35.792981318181816
3369,51.51911712359551,35.79889643181818
3370,51.51911712359551,35.80481154545454
3371,51.51911712359551,35.81072665909091
3411,51.52492938202247,35.78115109090909
3412,51.52492938202247,35.787066204545454
3413,51.52492938202247,35.792981318181816
3414,51.52492938202247,35.79889643181818
3415,51.52492938202247,35.80481154545454
3458,51.53074164044944,35.792981318181816
3459,51.53074164044944,35.79889643181818
3460,51.53074164044944,35.80481154545454
3461,51.53074164044944,35.81072665909091
3503,51.536553898876406,35.792981318181816
3504,51.536553898876406,35.79889643181818
2481,51.40868421348315,35.60369768181818
2482,51.40868421348315,35.609612795454545
2525,51.41449647191011,35.59778256818182
2526,51.41449647191011,35.60369768181818
2527,51.41449647191011,35.609612795454545
2566,51.420308730337084,35.57412211363636
2567,51.420308730337084,35.580037227272726
2568,51.420308730337084,35.58595234090909
2569,51.420308730337084,35.59186745454546
2570,51.420308730337084,35.59778256818182
2571,51.420308730337084,35.60369768181818
2572,51.420308730337084,35.609612795454545
2573,51.420308730337084,35.61552790909091
2611,51.42612098876405,35.57412211363636
2612,51.42612098876405,35.580037227272726
2613,51.42612098876405,35.58595234090909
2614,51.42612098876405,35.59186745454546
2615,51.42612098876405,35.59778256818182
2616,51.42612098876405,35.60369768181818
2617,51.42612098876405,35.609612795454545
2618,51.42612098876405,35.61552790909091
2619,51.42612098876405,35.62144302272727
2658,51.43193324719101,35.58595234090909
2659,51.43193324719101,35.59186745454546
2660,51.43193324719101,35.59778256818182
2661,51.43193324719101,35.60369768181818
2662,51.43193324719101,35.609612795454545
2663,51.43193324719101,35.61552790909091
2664,51.43193324719101,35.62144302272727
2703,51.43774550561798,35.58595234090909
2704,51.43774550561798,35.59186745454546
2705,51.43774550561798,35.59778256818182
2706,51.43774550561798,35.60369768181818
2707,51.43774550561798,35.609612795454545
2708,51.43774550561798,35.61552790909091
2709,51.43774550561798,35.62144302272727
2710,51.43774550561798,35.62735813636364
2748,51.44355776404495,35.58595234090909
2749,51.44355776404495,35.59186745454546
2750,51.44355776404495,35.59778256818182
2751,51.44355776404495,35.60369768181818
2752,51.44355776404495,35.609612795454545
2753,51.44355776404495,35.61552790909091
2754,51.44355776404495,35.62144302272727
2755,51.44355776404495,35.62735813636364
2793,51.44937002247191,35.58595234090909
2794,51.44937002247191,35.59186745454546
2795,51.44937002247191,35.59778256818182
2796,51.44937002247191,35.60369768181818
2797,51.44937002247191,35.609612795454545
2798,51.44937002247191,35.61552790909091
2799,51.44937002247191,35.62144302272727
2800,51.44937002247191,35.62735813636364
2837,51.45518228089888,35.580037227272726
2838,51.45518228089888,35.58595234090909
2839,51.45518228089888,35.59186745454546
2841,51.45518228089888,35.60369768181818
2842,51.45518228089888,35.609612795454545
2843,51.45518228089888,35.61552790909091
2844,51.45518228089888,35.62144302272727
2845,51.45518228089888,35.62735813636364
2881,51.460994539325846,35.57412211363636
2882,51.460994539325846,35.580037227272726
2883,51.460994539325846,35.58595234090909
2888,51.460994539325846,35.61552790909091
2889,51.460994539325846,35.62144302272727
2926,51.46680679775281,35.57412211363636
2491,51.40868421348315,35.66284881818182
2492,51.40868421348315,35.668763931818184
2493,51.40868421348315,35.674679045454546
2536,51.41449647191011,35.66284881818182
2537,51.41449647191011,35.668763931818184
2538,51.41449647191011,35.674679045454546
2539,51.41449647191011,35.68059415909091
2540,51.41449647191011,35.68650927272727
2541,51.41449647191011,35.69242438636363
2542,51.41449647191011,35.6983395
2581,51.420308730337084,35.66284881818182
2582,51.420308730337084,35.668763931818184
2583,51.420308730337084,35.674679045454546
2584,51.420308730337084,35.68059415909091
2585,51.420308730337084,35.68650927272727
2586,51.420308730337084,35.69242438636363
2587,51.420308730337084,35.6983395
2626,51.42612098876405,35.66284881818182
2627,51.42612098876405,35.668763931818184
2628,51.42612098876405,35.674679045454546
2629,51.42612098876405,35.68059415909091
2630,51.42612098876405,35.68650927272727
2631,51.42612098876405,35.69242438636363
2632,51.42612098876405,35.6983395
2671,51.43193324719101,35.66284881818182
2672,51.43193324719101,35.668763931818184
2673,51.43193324719101,35.674679045454546
2674,51.43193324719101,35.68059415909091
2675,51.43193324719101,35.68650927272727
2676,51.43193324719101,35.69242438636363
2677,51.43193324719101,35.6983395
2716,51.43774550561798,35.66284881818182
2717,51.43774550561798,35.668763931818184
2718,51.43774550561798,35.674679045454546
2719,51.43774550561798,35.68059415909091
2720,51.43774550561798,35.68650927272727
2721,51.43774550561798,35.69242438636363
2722,51.43774550561798,35.6983395
2761,51.44355776404495,35.66284881818182
2762,51.44355776404495,35.668763931818184
2763,51.44355776404495,35.674679045454546
2764,51.44355776404495,35.68059415909091
2765,51.44355776404495,35.68650927272727
2766,51.44355776404495,35.69242438636363
2767,51.44355776404495,35.6983395
2633,51.42612098876405,35.704254613636365
2634,51.42612098876405,35.71016972727273
2636,51.42612098876405,35.72199995454545
2637,51.42612098876405,35.727915068181815
2638,51.42612098876405,35.73383018181818
2639,51.42612098876405,35.73974529545455
2678,51.43193324719101,35.704254613636365
2679,51.43193324719101,35.71016972727273
2680,51.43193324719101,35.71608484090909
2681,51.43193324719101,35.72199995454545
2682,51.43193324719101,35.727915068181815
2683,51.43193324719101,35.73383018181818
2684,51.43193324719101,35.73974529545455
2723,51.43774550561798,35.704254613636365
2724,51.43774550561798,35.71016972727273
2725,51.43774550561798,35.71608484090909
2726,51.43774550561798,35.72199995454545
2727,51.43774550561798,35.727915068181815
2728,51.43774550561798,35.73383018181818
2729,51.43774550561798,35.73974529545455
2768,51.44355776404495,35.704254613636365
2769,51.44355776404495,35.71016972727273
2770,51.44355776404495,35.71608484090909
2771,51.44355776404495,35.72199995454545
2772,51.44355776404495,35.727915068181815
2773,51.44355776404495,35.73383018181818
2774,51.44355776404495,35.73974529545455
2813,51.44937002247191,35.704254613636365
2814,51.44937002247191,35.71016972727273
2815,51.44937002247191,35.71608484090909
2816,51.44937002247191,35.72199995454545
2817,51.44937002247191,35.727915068181815
2818,51.44937002247191,35.73383018181818
2819,51.44937002247191,35.73974529545455
2858,51.45518228089888,35.704254613636365
2859,51.45518228089888,35.71016972727273
2860,51.45518228089888,35.71608484090909
2861,51.45518228089888,35.72199995454545
2862,51.45518228089888,35.727915068181815
2863,51.45518228089888,35.73383018181818
2864,51.45518228089888,35.73974529545455
2904,51.460994539325846,35.71016972727273
2905,51.460994539325846,35.71608484090909
2906,51.460994539325846,35.72199995454545
2908,51.460994539325846,35.73383018181818
2909,51.460994539325846,35.73974529545455
2949,51.46680679775281,35.71016972727273
2670,51.43193324719101,35.65693370454545
2711,51.43774550561798,35.63327325
2712,51.43774550561798,35.639188363636364
2713,51.43774550561798,35.64510347727273
2714,51.43774550561798,35.65101859090909
2715,51.43774550561798,35.65693370454545
2756,51.44355776404495,35.63327325
2757,51.44355776404495,35.639188363636364
2758,51.44355776404495,35.64510347727273
2759,51.44355776404495,35.65101859090909
2760,51.44355776404495,35.65693370454545
2801,51.44937002247191,35.63327325
2802,51.44937002247191,35.639188363636364
2803,51.44937002247191,35.64510347727273
2804,51.44937002247191,35.65101859090909
2805,51.44937002247191,35.65693370454545
2806,51.44937002247191,35.66284881818182
2846,51.45518228089888,35.63327325
2847,51.45518228089888,35.639188363636364
2848,51.45518228089888,35.64510347727273
2849,51.45518228089888,35.65101859090909
2850,51.45518228089888,35.65693370454545
2890,51.460994539325846,35.62735813636364
2891,51.460994539325846,35.63327325
2892,51.460994539325846,35.639188363636364
2893,51.460994539325846,35.64510347727273
2894,51.460994539325846,35.65101859090909
2895,51.460994539325846,35.65693370454545
2934,51.46680679775281,35.62144302272727
2935,51.46680679775281,35.62735813636364
2936,51.46680679775281,35.63327325
2937,51.46680679775281,35.639188363636364
2938,51.46680679775281,35.64510347727273
2939,51.46680679775281,35.65101859090909
2940,51.46680679775281,35.65693370454545
2979,51.47261905617978,35.62144302272727
2980,51.47261905617978,35.62735813636364
2981,51.47261905617978,35.63327325
2982,51.47261905617978,35.639188363636364
2983,51.47261905617978,35.64510347727273
2984,51.47261905617978,35.65101859090909
2985,51.47261905617978,35.65693370454545
3023,51.478431314606745,35.61552790909091
3024,51.478431314606745,35.62144302272727
3025,51.478431314606745,35.62735813636364
3026,51.478431314606745,35.63327325
3027,51.478431314606745,35.639188363636364
3028,51.478431314606745,35.64510347727273
3029,51.478431314606745,35.65101859090909
3030,51.478431314606745,35.65693370454545
3068,51.48424357303371,35.61552790909091
3069,51.48424357303371,35.62144302272727
3070,51.48424357303371,35.62735813636364
3071,51.48424357303371,35.63327325
3072,51.48424357303371,35.639188363636364
3073,51.48424357303371,35.64510347727273
3074,51.48424357303371,35.65101859090909
3112,51.49005583146067,35.609612795454545
3113,51.49005583146067,35.61552790909091
3114,51.49005583146067,35.62144302272727
3115,51.49005583146067,35.62735813636364
3116,51.49005583146067,35.63327325
3117,51.49005583146067,35.639188363636364
3118,51.49005583146067,35.64510347727273
3119,51.49005583146067,35.65101859090909
3120,51.49005583146067,35.65693370454545
3157,51.495868089887644,35.609612795454545
3158,51.495868089887644,35.61552790909091
3159,51.495868089887644,35.62144302272727
3160,51.495868089887644,35.62735813636364
3161,51.495868089887644,35.63327325
3162,51.495868089887644,35.639188363636364
3163,51.495868089887644,35.64510347727273
3164,51.495868089887644,35.65101859090909
3165,51.495868089887644,35.65693370454545
3202,51.50168034831461,35.609612795454545
3205,51.50168034831461,35.62735813636364
3206,51.50168034831461,35.63327325
2807,51.44937002247191,35.668763931818184
2808,51.44937002247191,35.674679045454546
2809,51.44937002247191,35.68059415909091
2810,51.44937002247191,35.68650927272727
2851,51.45518228089888,35.66284881818182
2852,51.45518228089888,35.668763931818184
2853,51.45518228089888,35.674679045454546
2854,51.45518228089888,35.68059415909091
2855,51.45518228089888,35.68650927272727
2896,51.460994539325846,35.66284881818182
2897,51.460994539325846,35.668763931818184
2898,51.460994539325846,35.674679045454546
2899,51.460994539325846,35.68059415909091
2900,51.460994539325846,35.68650927272727
2941,51.46680679775281,35.66284881818182
2942,51.46680679775281,35.668763931818184
2943,51.46680679775281,35.674679045454546
2944,51.46680679775281,35.68059415909091
2945,51.46680679775281,35.68650927272727
2986,51.47261905617978,35.66284881818182
2987,51.47261905617978,35.668763931818184
2988,51.47261905617978,35.674679045454546
2989,51.47261905617978,35.68059415909091
2990,51.47261905617978,35.68650927272727
3031,51.478431314606745,35.66284881818182
3032,51.478431314606745,35.668763931818184
3033,51.478431314606745,35.674679045454546
3034,51.478431314606745,35.68059415909091
3035,51.478431314606745,35.68650927272727
3075,51.48424357303371,35.65693370454545
3076,51.48424357303371,35.66284881818182
3077,51.48424357303371,35.668763931818184
3078,51.48424357303371,35.674679045454546
3079,51.48424357303371,35.68059415909091
3080,51.48424357303371,35.68650927272727
3121,51.49005583146067,35.66284881818182
3122,51.49005583146067,35.668763931818184
3123,51.49005583146067,35.674679045454546
3124,51.49005583146067,35.68059415909091
3125,51.49005583146067,35.68650927272727
3126,51.49005583146067,35.69242438636363
3166,51.495868089887644,35.66284881818182
3167,51.495868089887644,35.668763931818184
3168,51.495868089887644,35.674679045454546
3169,51.495868089887644,35.68059415909091
3170,51.495868089887644,35.68650927272727
3171,51.495868089887644,35.69242438636363
3208,51.50168034831461,35.64510347727273
3209,51.50168034831461,35.65101859090909
3210,51.50168034831461,35.65693370454545
3211,51.50168034831461,35.66284881818182
3212,51.50168034831461,35.668763931818184
3213,51.50168034831461,35.674679045454546
3214,51.50168034831461,35.68059415909091
3215,51.50168034831461,35.68650927272727
3253,51.50749260674157,35.64510347727273
3254,51.50749260674157,35.65101859090909
3255,51.50749260674157,35.65693370454545
3256,51.50749260674157,35.66284881818182
3257,51.50749260674157,35.668763931818184
3258,51.50749260674157,35.674679045454546
3259,51.50749260674157,35.68059415909091
3260,51.50749260674157,35.68650927272727
3299,51.51330486516854,35.65101859090909
3300,51.51330486516854,35.65693370454545
3301,51.51330486516854,35.66284881818182
3302,51.51330486516854,35.668763931818184
3303,51.51330486516854,35.674679045454546
3304,51.51330486516854,35.68059415909091
3347,51.51911712359551,35.668763931818184
2811,51.44937002247191,35.69242438636363
2812,51.44937002247191,35.6983395
2856,51.45518228089888,35.69242438636363
2857,51.45518228089888,35.6983395
2901,51.460994539325846,35.69242438636363
2902,51.460994539325846,35.6983395
2903,51.460994539325846,35.704254613636365
2946,51.46680679775281,35.69242438636363
2947,51.46680679775281,35.6983395
2948,51.46680679775281,35.704254613636365
2991,51.47261905617978,35.69242438636363
2992,51.47261905617978,35.6983395
2993,51.47261905617978,35.704254613636365
3036,51.478431314606745,35.69242438636363
3037,51.478431314606745,35.6983395
3038,51.478431314606745,35.704254613636365
3039,51.478431314606745,35.71016972727273
3081,51.48424357303371,35.69242438636363
3082,51.48424357303371,35.6983395
3083,51.48424357303371,35.704254613636365
3084,51.48424357303371,35.71016972727273
3127,51.49005583146067,35.6983395
3128,51.49005583146067,35.704254613636365
3129,51.49005583146067,35.71016972727273
3172,51.495868089887644,35.6983395
3173,51.495868089887644,35.704254613636365
3174,51.495868089887644,35.71016972727273
3175,51.495868089887644,35.71608484090909
3218,51.50168034831461,35.704254613636365
3219,51.50168034831461,35.71016972727273
3220,51.50168034831461,35.71608484090909
3263,51.50749260674157,35.704254613636365
3264,51.50749260674157,35.71016972727273
3265,51.50749260674157,35.71608484090909
3356,51.51911712359551,35.72199995454545
3401,51.52492938202247,35.72199995454545
3446,51.53074164044944,35.72199995454545
3491,51.536553898876406,35.72199995454545
3535,51.54236615730337,35.71608484090909
3536,51.54236615730337,35.72199995454545
3581,51.54817841573034,35.72199995454545
3626,51.553990674157305,35.72199995454545
3671,51.55980293258427,35.72199995454545
3716,51.56561519101124,35.72199995454545
3760,51.571427449438204,35.71608484090909
3761,51.571427449438204,35.72199995454545
3806,51.57723970786517,35.72199995454545
3851,51.58305196629214,35.72199995454545
3896,51.5888642247191,35.72199995454545
2820,51.44937002247191,35.74566040909091
2821,51.44937002247191,35.75157552272727
2865,51.45518228089888,35.74566040909091
2866,51.45518228089888,35.75157552272727
2867,51.45518228089888,35.757490636363634
2910,51.460994539325846,35.74566040909091
2911,51.460994539325846,35.75157552272727
2912,51.460994539325846,35.757490636363634
2913,51.460994539325846,35.76340575
2914,51.460994539325846,35.76932086363636
2955,51.46680679775281,35.74566040909091
2956,51.46680679775281,35.75157552272727
2957,51.46680679775281,35.757490636363634
2958,51.46680679775281,35.76340575
2959,51.46680679775281,35.76932086363636
2960,51.46680679775281,35.77523597727273
2999,51.47261905617978,35.73974529545455
3000,51.47261905617978,35.74566040909091
3001,51.47261905617978,35.75157552272727
3002,51.47261905617978,35.757490636363634
3003,51.47261905617978,35.76340575
3004,51.47261905617978,35.76932086363636
3005,51.47261905617978,35.77523597727273
3006,51.47261905617978,35.78115109090909
3044,51.478431314606745,35.73974529545455
3045,51.478431314606745,35.74566040909091
3046,51.478431314606745,35.75157552272727
3047,51.478431314606745,35.757490636363634
3048,51.478431314606745,35.76340575
3049,51.478431314606745,35.76932086363636
3050,51.478431314606745,35.77523597727273
3051,51.478431314606745,35.78115109090909
3052,51.478431314606745,35.787066204545454
3089,51.48424357303371,35.73974529545455
3090,51.48424357303371,35.74566040909091
3091,51.48424357303371,35.75157552272727
3092,51.48424357303371,35.757490636363634
3093,51.48424357303371,35.76340575
3094,51.48424357303371,35.76932086363636
3095,51.48424357303371,35.77523597727273
3096,51.48424357303371,35.78115109090909
3097,51.48424357303371,35.787066204545454
3134,51.49005583146067,35.73974529545455
3135,51.49005583146067,35.74566040909091
3136,51.49005583146067,35.75157552272727
3137,51.49005583146067,35.757490636363634
3138,51.49005583146067,35.76340575
3139,51.49005583146067,35.76932086363636
3140,51.49005583146067,35.77523597727273
3141,51.49005583146067,35.78115109090909
3179,51.495868089887644,35.73974529545455
3180,51.495868089887644,35.74566040909091
3181,51.495868089887644,35.75157552272727
3182,51.495868089887644,35.757490636363634
3183,51.495868089887644,35.76340575
3184,51.495868089887644,35.76932086363636
3185,51.495868089887644,35.77523597727273
3186,51.495868089887644,35.78115109090909
3224,51.50168034831461,35.73974529545455
3225,51.50168034831461,35.74566040909091
3226,51.50168034831461,35.75157552272727
3227,51.50168034831461,35.757490636363634
3228,51.50168034831461,35.76340575
3229,51.50168034831461,35.76932086363636
3230,51.50168034831461,35.77523597727273
3231,51.50168034831461,35.78115109090909
3269,51.50749260674157,35.73974529545455
3270,51.50749260674157,35.74566040909091
3271,51.50749260674157,35.75157552272727
3272,51.50749260674157,35.757490636363634
3273,51.50749260674157,35.76340575
3274,51.50749260674157,35.76932086363636
3275,51.50749260674157,35.77523597727273
3276,51.50749260674157,35.78115109090909
3313,51.51330486516854,35.73383018181818
3314,51.51330486516854,35.73974529545455
3315,51.51330486516854,35.74566040909091
3316,51.51330486516854,35.75157552272727
3317,51.51330486516854,35.757490636363634
3318,51.51330486516854,35.76340575
3319,51.51330486516854,35.76932086363636
3320,51.51330486516854,35.77523597727273
3321,51.51330486516854,35.78115109090909
3358,51.51911712359551,35.73383018181818
3359,51.51911712359551,35.73974529545455
3360,51.51911712359551,35.74566040909091
3361,51.51911712359551,35.75157552272727
3362,51.51911712359551,35.757490636363634
3363,51.51911712359551,35.76340575
3364,51.51911712359551,35.76932086363636
3365,51.51911712359551,35.77523597727273
3403,51.52492938202247,35.73383018181818
3404,51.52492938202247,35.73974529545455
3405,51.52492938202247,35.74566040909091
3406,51.52492938202247,35.75157552272727
3407,51.52492938202247,35.757490636363634
3408,51.52492938202247,35.76340575
3409,51.52492938202247,35.76932086363636
3410,51.52492938202247,35.77523597727273
3448,51.53074164044944,35.73383018181818
3449,51.53074164044944,35.73974529545455
3450,51.53074164044944,35.74566040909091
3451,51.53074164044944,35.75157552272727
3452,51.53074164044944,35.757490636363634
3453,51.53074164044944,35.76340575
3454,51.53074164044944,35.76932086363636
3455,51.53074164044944,35.77523597727273
3493,51.536553898876406,35.73383018181818
3494,51.536553898876406,35.73974529545455
3495,51.536553898876406,35.74566040909091
3496,51.536553898876406,35.75157552272727
3497,51.536553898876406,35.757490636363634
3498,51.536553898876406,35.76340575
3499,51.536553898876406,35.76932086363636
3500,51.536553898876406,35.77523597727273
3537,51.54236615730337,35.727915068181815
3538,51.54236615730337,35.73383018181818
3539,51.54236615730337,35.73974529545455
3540,51.54236615730337,35.74566040909091
3541,51.54236615730337,35.75157552272727
3542,51.54236615730337,35.757490636363634
3543,51.54236615730337,35.76340575
3544,51.54236615730337,35.76932086363636
3545,51.54236615730337,35.77523597727273
3582,51.54817841573034,35.727915068181815
3583,51.54817841573034,35.73383018181818
3584,51.54817841573034,35.73974529545455
3585,51.54817841573034,35.74566040909091
3586,51.54817841573034,35.75157552272727
3587,51.54817841573034,35.757490636363634
3588,51.54817841573034,35.76340575
3589,51.54817841573034,35.76932086363636
3627,51.553990674157305,35.727915068181815
3628,51.553990674157305,35.73383018181818
3629,51.553990674157305,35.73974529545455
3630,51.553990674157305,35.74566040909091
3631,51.553990674157305,35.75157552272727
3632,51.553990674157305,35.757490636363634
3633,51.553990674157305,35.76340575
3634,51.553990674157305,35.76932086363636
3672,51.55980293258427,35.727915068181815
3673,51.55980293258427,35.73383018181818
3674,51.55980293258427,35.73974529545455
3675,51.55980293258427,35.74566040909091
3676,51.55980293258427,35.75157552272727
3677,51.55980293258427,35.757490636363634
3678,51.55980293258427,35.76340575
3717,51.56561519101124,35.727915068181815
3718,51.56561519101124,35.73383018181818
3719,51.56561519101124,35.73974529545455
3720,51.56561519101124,35.74566040909091
3721,51.56561519101124,35.75157552272727
3722,51.56561519101124,35.757490636363634
3723,51.56561519101124,35.76340575
3762,51.571427449438204,35.727915068181815
3763,51.571427449438204,35.73383018181818
3764,51.571427449438204,35.73974529545455
3765,51.571427449438204,35.74566040909091
3766,51.571427449438204,35.75157552272727
3767,51.571427449438204,35.757490636363634
3807,51.57723970786517,35.727915068181815
3808,51.57723970786517,35.73383018181818
3809,51.57723970786517,35.73974529545455
3810,51.57723970786517,35.74566040909091
3811,51.57723970786517,35.75157552272727
3852,51.58305196629214,35.727915068181815
3853,51.58305196629214,35.73383018181818
3854,51.58305196629214,35.73974529545455
3855,51.58305196629214,35.74566040909091
3897,51.5888642247191,35.727915068181815
3898,51.5888642247191,35.73383018181818
3899,51.5888642247191,35.73974529545455
3900,51.5888642247191,35.74566040909091
3943,51.59467648314607,35.73383018181818
3944,51.59467648314607,35.73974529545455
3945,51.59467648314607,35.74566040909091
3989,51.60048874157304,35.73974529545455
3990,51.60048874157304,35.74566040909091
2907,51.460994539325846,35.727915068181815
2950,51.46680679775281,35.71608484090909
2951,51.46680679775281,35.72199995454545
2952,51.46680679775281,35.727915068181815
2953,51.46680679775281,35.73383018181818
2954,51.46680679775281,35.73974529545455
2994,51.47261905617978,35.71016972727273
2995,51.47261905617978,35.71608484090909
2996,51.47261905617978,35.72199995454545
2997,51.47261905617978,35.727915068181815
2998,51.47261905617978,35.73383018181818
3040,51.478431314606745,35.71608484090909
3041,51.478431314606745,35.72199995454545
3042,51.478431314606745,35.727915068181815
3043,51.478431314606745,35.73383018181818
3085,51.48424357303371,35.71608484090909
3086,51.48424357303371,35.72199995454545
3087,51.48424357303371,35.727915068181815
3088,51.48424357303371,35.73383018181818
3130,51.49005583146067,35.71608484090909
3131,51.49005583146067,35.72199995454545
3132,51.49005583146067,35.727915068181815
3133,51.49005583146067,35.73383018181818
3176,51.495868089887644,35.72199995454545
3177,51.495868089887644,35.727915068181815
3178,51.495868089887644,35.73383018181818
3221,51.50168034831461,35.72199995454545
3222,51.50168034831461,35.727915068181815
3223,51.50168034831461,35.73383018181818
3266,51.50749260674157,35.72199995454545
3267,51.50749260674157,35.727915068181815
3268,51.50749260674157,35.73383018181818
3311,51.51330486516854,35.72199995454545
3312,51.51330486516854,35.727915068181815
3357,51.51911712359551,35.727915068181815
3402,51.52492938202247,35.727915068181815
3447,51.53074164044944,35.727915068181815
3492,51.536553898876406,35.727915068181815
